Target Name,Source,DF,F,MS,SS,p-value,p-value corrected,measures,distribution,test,statistic,effect size
GAPDH,Group,3,5.491,0.046,0.137,0.009506664890211083,0.04753332445105542,dependent,parametric,ANOVA,NA,0.523
ACTB,Group,3,6.958,0.038,0.115,0.0037181763557924846,0.018590881778962422,dependent,parametric,ANOVA,NA,0.582
KCNJ6,Group,3,22.923,20.729,62.188,7.430216831026201e-06,3.7151084155131e-05,dependent,parametric,ANOVA,NA,0.821
SYP,Group,3,114.917,58.478,175.433,1.4233341275296007e-10,7.116670637648003e-10,dependent,parametric,ANOVA,NA,0.958
GRIA1,Group,3,11.24,10.081,30.243,0.0004024693181769792,0.002012346590884896,dependent,parametric,ANOVA,NA,0.692
